district,address
黄浦区,河南中路88号
黄浦区,中山南一路202号
黄浦区,肇嘉浜路168弄3号
黄浦区,制造局路733号
黄浦区,瞿溪路1060弄5号
黄浦区,马当路99号
黄浦区,北京西路239弄5号
黄浦区,陆家浜路976号3楼
黄浦区,马当路588弄7号
黄浦区,天津路224号
黄浦区,中山东二路538号
黄浦区,宁海东路299号
黄浦区,龙华东路888弄1号楼
黄浦区,九江路619号
黄浦区,局门路295弄5号
黄浦区,中山南一路198弄13号
黄浦区,西藏南路688弄4号
黄浦区,淮海中路611号
黄浦区,县左街20弄6号
黄浦区,北京东路361弄3号
徐汇区,长桥一村
长宁区,延安西路1882号
长宁区,法华镇路123弄
长宁区,安西路500弄
长宁区,泉口路225弄
长宁区,淞虹路715弄
长宁区,长宁路1661弄
长宁区,中山西路699弄
静安区,延安中路1218号
静安区,中山北路899弄23号
静安区,中兴路814号
静安区,会文路136弄1号
静安区,万航渡路661弄62号
静安区,延长中路318号
静安区,广延路1286号
静安区,北京西路1192弄14号
静安区,汾西路260弄15号
静安区,康宁路901号
静安区,威海路380号
静安区,武宁南路480弄18号
静安区,海宁路1399号
静安区,中山北路311号
静安区,广中路696号
普陀区,常德路1349号C栋
普陀区,长寿路28弄9号
普陀区,曹杨四村287号
普陀区,大渡河路388弄2号
普陀区,古浪路288弄9号
普陀区,吉镇路450弄54号
普陀区,江宁路1251弄2号
普陀区,交通路1941弄3号
普陀区,交通路2107弄14号
普陀区,金沙江路2299弄31号
普陀区,灵石路1082弄7号
普陀区,梅川路141弄58号
普陀区,梅川路1275—16号汉庭酒店
普陀区,梅川路1333弄39号
普陀区,梅岭北路1258弄99号
普陀区,祁连山南路2727弄82号
普陀区,千阳南路88弄29号
普陀区,清峪路81弄91号
普陀区,泰山二村28号
普陀区,武宁路955弄26号
普陀区,西康路1277弄2号楼
普陀区,西康路1407弄6号楼
普陀区,西康路1518弄13号
普陀区,雪松路392弄57号
普陀区,旬阳路37号
普陀区,真北路1029弄11号
普陀区,真北路1902弄37号
普陀区,志丹路155号曼谷阁
普陀区,中潭路100弄148号
虹口区,宝山路657号
虹口区,赤峰路626弄13号
虹口区,大连路919弄3号
虹口区,邯郸路47弄7号
虹口区,恒业路367弄3号
虹口区,昆明路388弄1号
虹口区,临平路256弄6号
虹口区,山阴路124弄35号
虹口区,水电路1013弄26号
虹口区,水电路609弄10号
虹口区,天潼路422号
虹口区,同鸣路140弄12号
虹口区,汶水东路778弄1号
虹口区,吴家湾路52弄219号
虹口区,株洲路258弄8号
杨浦区,长阳路1499号
杨浦区,国和一村
杨浦区,宁武路264号
杨浦区,宁武路269号
杨浦区,三门路24弄
杨浦区,双阳北路395弄
杨浦区,许昌路1128号
杨浦区,延吉东路99号
杨浦区,政和路538弄
杨浦区,周家嘴路3055号
闵行区,爱博一村
闵行区,爱博二村
闵行区,保乐路666号
闵行区,北翟路2910弄
闵行区,北翟路3386弄
闵行区,昌林路68弄
闵行区,灯辉路601弄
闵行区,东川路333弄
闵行区,富岩路328号
闵行区,共和村
闵行区,古美路675弄
闵行区,光华路2888号路边停车场
闵行区,虹梅南路5066号
闵行区,虹梅南路5858号
闵行区,江川路456弄
闵行区,兰坪路70弄
闵行区,龙柏七村
闵行区,南江燕路229弄
闵行区,浦连路99弄
闵行区,浦晓路298弄
闵行区,七莘路1999弄
闵行区,申北路555弄
闵行区,申贵路1799号
闵行区,申长路568号
闵行区,天山西路4358弄
闵行区,吴中路633弄
闵行区,银春路2030号路边停车场
闵行区,银春路2200弄
闵行区,银都路3118弄
闵行区,中青路588号
宝山区,爱辉路28弄
宝山区,宝林路50弄
宝山区,白荡河路201弄
宝山区,东太东路885号
宝山区,大康路891弄
宝山区,电台路318弄
宝山区,顾城路231弄
宝山区,国权北路828弄
宝山区,环镇北路699弄
宝山区,恒高路128弄
宝山区,虎林路159号
宝山区,菊泉街39弄
宝山区,聚丰园路129号
宝山区,莲花山路700弄
宝山区,南陈路278弄
宝山区,潘泾路366弄
宝山区,瑞丰路456弄
宝山区,永乐路115弄
宝山区,月富路88号
宝山区,真华路1801弄
宝山区,共康六村
宝山区,月浦三村
宝山区,月浦十村
宝山区,杨泰二村
嘉定区,墅沟路550弄1号
嘉定区,春海路355弄12号
嘉定区,人民街158弄8号
嘉定区,鹤霞路555弄48号
嘉定区,鹤霞路555弄58号
嘉定区,毛桥村91号
嘉定区,北新村1031号
嘉定区,富蕴路555弄16号
嘉定区,宝园一路588号
嘉定区,民悦街555弄9号
嘉定区,沈徐路129弄10号
嘉定区,封周路508弄7号
嘉定区,芳林路963弄408号
嘉定区,浩翔路98弄101号
嘉定区,墅沟路333弄5号
嘉定区,塔城东路493弄9号
嘉定区,仓场路350弄21号
嘉定区,迎园二坊41号
嘉定区,新成八坊488弄33号
嘉定区,启悦路700弄2号
浦东新区,百业路178号
浦东新区,北蔡镇一六村
浦东新区,北蔡镇中界村
浦东新区,北张家浜路28弄
浦东新区,博华路237弄
浦东新区,博山东路440弄
浦东新区,曹路镇黎明村
浦东新区,昌里东路600号
浦东新区,川环南路760号
浦东新区,川黄路297号
浦东新区,川银路150弄
浦东新区,德平路100弄
浦东新区,东绣路1006弄
浦东新区,东绣路1155弄
浦东新区,东绣路99弄
浦东新区,芳甸路333弄
浦东新区,高东镇龙桥村
浦东新区,拱川路615号
浦东新区,崮山路500号
浦东新区,航城三路86弄
浦东新区,曹路镇顾东村
浦东新区,和龙路619弄
浦东新区,菏泽路58弄
浦东新区,虹盛路250弄
浦东新区,华佗路800号
浦东新区,华夏二路1455弄
浦东新区,华绣路179弄
浦东新区,环庆南路336弄
浦东新区,藿香路238弄
浦东新区,机场大道856号
浦东新区,金晓路289弄
浦东新区,俱进路285弄
浦东新区,康新路88号
浦东新区,凌兆路88弄
浦东新区,芦潮路60弄
浦东新区,南芦公路193弄
浦东新区,浦电路108弄
浦东新区,浦东大道2511弄
浦东新区,浦红西路37号
浦东新区,杞青路777号
浦东新区,人民西路1533弄
浦东新区,三林镇临江村
浦东新区,三林镇杨思新村
浦东新区,尚博路569弄
浦东新区,施宏路427号
浦东新区,施湾三路1055弄
浦东新区,松林路333弄
浦东新区,台中南路68号
浦东新区,潍坊路328号
浦东新区,潍坊西路2弄
浦东新区,霞玉路436弄
浦东新区,下南路526弄
浦东新区,新川路399弄
浦东新区,新龙路289弄
浦东新区,新跃路154弄
浦东新区,行德路141弄
浦东新区,宣桥镇季桥村
浦东新区,宣桥镇张家桥村
浦东新区,严中路373弄
浦东新区,亦园路74弄
浦东新区,御桥路1978弄
浦东新区,御桥路288弄
浦东新区,云汉路980号
浦东新区,云山路1395弄
浦东新区,云山路835弄
浦东新区,张衡路825号
浦东新区,长岛路1280弄
浦东新区,长清路177弄
浦东新区,竹柏路366弄
浦东新区,祝潘公路301弄
浦东新区,祝桥镇滨海一村
浦东新区,祝桥镇大沟村
浦东新区,祝桥镇望三村
浦东新区,祝桥镇新营村
浦东新区,紫薇路667弄
金山区,卫清西路88弄
金山区,龙皓路2039弄
松江区,沪亭南路501弄
松江区,业煌路1676弄
松江区,影佳路333弄
松江区,朗亭路288弄
松江区,九亭大街704弄
松江区,涞亭北路600弄
松江区,辰花公路251弄
松江区,贾田村路55弄
松江区,寅青路467弄
松江区,新南路555弄
松江区,虬长路334弄
松江区,九杜路505弄
松江区,北松公路6961弄
松江区,佘月路18弄
松江区,恒泽路188弄
松江区,洞塔路728弄
松江区,乐都路296弄
青浦区,徐泾镇诸路西路1737弄4栋
青浦区,徐泾镇徐南路288弄55号
青浦区,赵巷镇秀泉路518弄2号
青浦区,夏阳街道城东新村二区57号
青浦区,徐泾镇盈港东路3188弄1号
青浦区,夏阳街道青峰路123弄1期29号
青浦区,赵巷镇淞涟二路66弄9号
青浦区,徐泾镇蟠龙居委罗家4队21号
奉贤区,人民塘路1018弄
奉贤区,百曲村
奉贤区,展发路133号
奉贤区,金齐路188弄
奉贤区,海马路5888弄
奉贤区,青村镇人民路445弄
崇明区,向阳路251弄
崇明区,仁建路809号
崇明区,西引路
崇明区,园北路